date,time,id,first_name,last_name,gender,ip_address
09/04/2018,11:26:12 PM,1,Fonzie,Breslin,Male,245.210.103.229
09/15/2018,10:12:50 AM,2,Maison,Mantripp,Male,224.30.101.48
10/19/2018,9:37:32 PM,3,Olag,Selbie,Male,196.63.134.76
09/22/2018,8:27:55 AM,4,Tammi,Eagan,Female,192.87.4.35
09/28/2018,2:04:50 AM,5,Piotr,Klais,Male,113.3.114.3
09/25/2018,2:59:55 AM,6,Roxanna,Smooth,Female,158.98.216.106
09/26/2018,12:29:23 PM,7,Marchall,Kiehne,Male,173.90.24.55
10/29/2018,1:31:15 AM,8,Lion,Tivenan,Male,145.22.81.132
09/16/2018,12:03:10 PM,9,Den,Saladine,Male,113.161.209.187
09/17/2018,3:06:48 AM,10,Daffie,Hollyard,Female,115.94.12.214
10/18/2018,6:21:51 PM,11,Verena,Zecchinii,Female,198.202.168.64
10/22/2018,12:29:43 AM,12,Dallis,Heard,Male,2.246.42.157
09/25/2018,3:08:51 PM,13,Brose,Sollon,Male,48.238.8.51
10/26/2018,9:47:48 PM,14,Janenna,Canacott,Female,187.98.149.172
10/11/2018,6:07:20 PM,15,Marchall,Fuzzard,Male,54.61.65.152
09/11/2018,5:57:44 PM,16,Clemens,Haggata,Male,208.63.74.202
09/27/2018,4:20:03 PM,17,Joellen,Bray,Female,114.167.101.63
09/20/2018,1:36:16 AM,18,Paulette,Kissock,Female,105.21.105.72
09/15/2018,11:05:24 PM,19,Elvina,Gierek,Female,174.141.64.236
09/01/2018,10:27:45 AM,20,Annora,Kemitt,Female,116.221.187.64
10/11/2018,4:16:48 AM,21,Evangelia,Hargey,Female,16.46.159.66
10/12/2018,11:13:59 AM,22,Birgitta,Wrought,Female,5.169.13.180
10/01/2018,12:02:32 AM,23,Weider,Errett,Male,207.79.161.81
10/09/2018,12:21:27 PM,24,Shanon,Smeall,Female,187.240.10.88
09/02/2018,9:16:48 PM,25,Pat,Harriskine,Male,131.250.78.27
09/10/2018,3:38:32 PM,26,Morey,Muncer,Male,189.2.134.43
10/22/2018,1:21:26 PM,27,Dall,Aiers,Male,215.38.212.179
10/17/2018,6:21:10 PM,28,Delbert,de Verson,Male,82.141.145.152
10/14/2018,8:05:19 AM,29,Elladine,Ince,Female,123.91.227.227
09/14/2018,1:40:26 AM,30,Drugi,Crucetti,Male,201.68.218.254
10/02/2018,6:52:43 AM,31,Susanna,L'Homme,Female,195.173.222.167
09/27/2018,7:37:48 PM,32,Udale,Surgen,Male,83.242.220.105
10/26/2018,7:25:22 AM,33,Margery,Naisby,Female,206.132.149.44
09/26/2018,4:34:01 PM,34,Michell,Fidgeon,Female,122.56.59.169
10/14/2018,6:04:04 AM,35,Guinna,Lindhe,Female,41.218.137.50
09/12/2018,10:18:18 PM,36,Currie,Hollows,Male,53.197.232.236
09/21/2018,7:37:23 AM,37,Skipper,Winsom,Male,65.144.187.72
09/10/2018,4:00:16 PM,38,Shea,Romke,Male,88.162.20.230
10/09/2018,7:07:55 PM,39,Mareah,Verney,Female,233.2.238.70
10/11/2018,10:41:50 AM,40,Lotti,Vaillant,Female,38.71.142.139
09/20/2018,3:09:57 AM,41,Winni,Carress,Female,19.156.168.235
09/28/2018,4:38:00 AM,42,Bar,Nabbs,Male,5.229.127.197
10/21/2018,9:53:26 AM,43,Ofella,McLaughlan,Female,4.123.50.238
10/10/2018,4:25:00 AM,44,Ricoriki,Trousdale,Male,139.132.45.208
09/04/2018,12:16:01 PM,45,Anderson,Buglass,Male,101.121.116.58
09/25/2018,7:35:56 PM,46,Alanson,Morgan,Male,24.50.117.43
09/05/2018,11:16:00 PM,47,Cherye,Carlo,Female,154.31.89.117
09/17/2018,12:58:42 AM,48,Milton,Cornehl,Male,92.131.165.128
09/01/2018,8:39:21 PM,49,Marven,Surmon,Male,202.134.169.83
10/14/2018,1:07:09 PM,50,Jamesy,Paddison,Male,210.59.45.49
10/10/2018,5:31:33 PM,51,Mariam,Collip,Female,188.114.244.62
09/15/2018,10:39:51 AM,52,Emylee,Piscotti,Female,255.148.181.224
10/30/2018,2:45:21 AM,53,Tawsha,Tremethack,Female,140.135.224.237
09/07/2018,4:55:21 AM,54,Alexandra,Pracy,Female,153.167.234.189
09/23/2018,11:44:37 AM,55,Gunilla,Slimmon,Female,244.141.223.132
10/25/2018,9:33:21 AM,56,Jean,Hemeret,Male,104.90.168.180
10/27/2018,6:24:04 AM,57,Addia,Fenix,Female,99.53.133.140
10/07/2018,1:29:40 PM,58,Hardy,Swait,Male,46.64.154.228
09/09/2018,3:31:29 PM,59,Sollie,Hessel,Male,204.11.83.173
09/25/2018,4:54:51 AM,60,Margareta,Franciotti,Female,243.121.191.37
10/25/2018,12:20:28 AM,61,Abby,Oxnam,Male,249.187.186.178
09/13/2018,5:38:19 AM,62,Sanson,Swadden,Male,180.138.59.38
09/22/2018,8:06:04 PM,63,Ermanno,Caseri,Male,119.17.107.77
10/27/2018,7:18:27 AM,64,Hasty,Hovard,Male,183.4.184.135
09/21/2018,2:25:38 PM,65,Camella,Sowte,Female,190.253.254.2
10/11/2018,4:42:03 PM,66,Irina,Robyns,Female,46.188.242.157
09/16/2018,7:27:40 AM,67,Darbie,Aylett,Female,40.82.63.80
09/26/2018,2:22:58 AM,68,Venita,Lidgate,Female,136.205.178.147
10/11/2018,1:10:50 AM,69,Quinta,Quiddington,Female,237.53.233.177
10/20/2018,8:55:52 AM,70,Demetris,Czajka,Male,135.150.188.201
09/27/2018,3:01:28 AM,71,Frederico,Lantiffe,Male,136.45.106.47
09/28/2018,1:14:26 AM,72,Trumann,Rosier,Male,53.98.184.204
10/01/2018,6:56:52 PM,73,Angelika,Beavors,Female,91.103.16.125
10/13/2018,4:19:25 AM,74,Whitney,Pringour,Female,237.105.142.11
09/02/2018,6:10:14 PM,75,Leshia,Braunstein,Female,250.199.74.1
09/28/2018,4:17:30 AM,76,Callie,Schofield,Female,230.0.105.109
09/03/2018,12:56:41 PM,77,Lorinda,Bergstrand,Female,161.232.90.122
09/13/2018,4:52:22 PM,78,Cornall,Pessold,Male,116.255.4.161
10/11/2018,3:18:36 PM,79,Enrika,Dandie,Female,31.29.180.187
10/18/2018,4:50:52 PM,80,Sherwin,Piddock,Male,217.248.239.252
10/03/2018,12:39:15 AM,81,Corbett,Blesli,Male,201.80.105.13
09/09/2018,6:56:06 AM,82,Opaline,Hobson,Female,225.224.19.59
10/08/2018,1:11:14 AM,83,Wolf,Hutchinges,Male,198.253.4.142
09/24/2018,11:08:05 PM,84,Lola,Trevenu,Female,191.71.166.195
09/16/2018,8:01:16 AM,85,Bryn,Betton,Male,238.230.19.107
10/28/2018,11:06:33 PM,86,Jean,Guinn,Male,98.116.188.137
09/23/2018,4:31:20 PM,87,Caddric,Galland,Male,202.201.227.236
10/10/2018,9:47:50 AM,88,Moshe,Dedney,Male,26.61.26.215
10/30/2018,4:00:09 PM,89,Dimitry,Blasio,Male,124.133.123.171
10/16/2018,10:12:14 PM,90,Goober,Rushbrook,Male,178.21.72.242
09/28/2018,4:56:43 PM,91,Grenville,Arnaldy,Male,82.80.208.136
10/15/2018,2:46:26 AM,92,Wes,Reinbeck,Male,0.234.193.115
09/22/2018,10:15:40 PM,93,Symon,Galler,Male,248.214.56.205
09/01/2018,12:33:32 AM,94,Ashly,Hawkwood,Female,82.177.95.48
09/21/2018,8:07:58 AM,95,Ariadne,Lawton,Female,3.228.54.65
09/11/2018,4:49:34 AM,96,Grady,Grimolbie,Male,188.173.20.139
09/14/2018,6:27:42 PM,97,Tabb,Sporgeon,Male,81.185.147.251
10/17/2018,8:23:58 AM,98,Tresa,Bilbee,Female,194.58.12.19
09/15/2018,3:25:38 AM,99,Faulkner,Battisson,Male,190.183.68.64
10/15/2018,7:47:35 AM,100,Rea,Deakin,Female,139.149.177.201
10/14/2018,2:57:11 AM,101,Florella,Gunning,Female,105.40.78.147
09/22/2018,7:16:24 AM,102,Marietta,Seabourne,Male,153.192.55.107
09/22/2018,8:42:58 PM,103,Astra,Ramage,Female,143.120.252.114
10/01/2018,3:25:45 PM,104,Nolan,Eckery,Male,111.158.22.56
09/25/2018,3:08:44 AM,105,Timmie,Stein,Male,178.243.103.81
09/06/2018,10:56:30 AM,106,Shae,Jendrassik,Female,81.227.93.13
10/08/2018,4:52:29 PM,107,Elmer,Paver,Male,180.110.179.96
09/12/2018,3:58:01 PM,108,Jennifer,Blannin,Female,67.52.15.80
09/02/2018,5:44:34 AM,109,Belita,Claus,Female,185.109.214.64
09/13/2018,1:29:54 AM,110,Patrice,Euler,Female,90.1.67.43
09/25/2018,1:20:10 PM,111,Verna,Cluely,Female,193.14.53.1
09/01/2018,4:38:54 PM,112,Teresina,Faichnie,Female,169.124.113.89
10/13/2018,5:43:57 AM,113,Thedric,Shadfourth,Male,175.132.167.123
09/13/2018,7:47:06 PM,114,Rhodia,Trevers,Female,139.23.90.136
10/29/2018,5:16:08 PM,115,Dunc,Trayes,Male,107.191.207.233
09/30/2018,4:32:15 AM,116,Rahal,Stronough,Female,229.136.115.217
10/06/2018,1:15:50 PM,117,Jordain,Dossett,Female,252.253.197.248
09/02/2018,10:02:19 AM,118,Barnaby,Parsell,Male,137.38.38.45
10/24/2018,9:30:15 AM,119,Jamie,Benkin,Male,160.64.233.26
09/20/2018,10:08:08 AM,120,Annadiana,Sponer,Female,117.219.52.164
09/06/2018,4:53:37 AM,121,Sarge,Shearn,Male,77.38.39.218
10/15/2018,3:56:27 AM,122,Wilona,Andreacci,Female,134.38.84.21
